Updated on Thu Jun  5 05:54:03 UTC 2025
Updated on Thu Jun  5 06:05:34 UTC 2025
Updated on Fri Jun  6 05:14:11 UTC 2025
Updated on Sat Jun  7 05:12:54 UTC 2025
Updated on Sat Jun  7 13:41:35 UTC 2025
Commit #1 on Sat Jun  7 13:47:19 UTC 2025
Commit #2 on Sat Jun  7 13:47:20 UTC 2025
Commit #3 on Sat Jun  7 13:47:21 UTC 2025
Commit #4 on Sat Jun  7 13:47:22 UTC 2025
Commit #5 on Sat Jun  7 13:47:23 UTC 2025
Commit #6 on Sat Jun  7 13:47:24 UTC 2025
Commit #1 on Sun Jun  8 05:13:39 UTC 2025
Commit #2 on Sun Jun  8 05:13:40 UTC 2025
Commit #3 on Sun Jun  8 05:13:41 UTC 2025
Commit #4 on Sun Jun  8 05:13:42 UTC 2025
Commit #5 on Sun Jun  8 05:13:43 UTC 2025
Commit #1 on Mon Jun  9 05:15:25 UTC 2025
Commit #2 on Mon Jun  9 05:15:26 UTC 2025
Commit #3 on Mon Jun  9 05:15:27 UTC 2025
Commit #4 on Mon Jun  9 05:15:28 UTC 2025
Commit #5 on Mon Jun  9 05:15:29 UTC 2025
Commit #6 on Mon Jun  9 05:15:30 UTC 2025
Commit #7 on Mon Jun  9 05:15:31 UTC 2025
Commit #1 on Tue Jun 10 05:14:13 UTC 2025
Commit #2 on Tue Jun 10 05:14:14 UTC 2025
Commit #3 on Tue Jun 10 05:14:15 UTC 2025
Commit #4 on Tue Jun 10 05:14:16 UTC 2025
Commit #5 on Tue Jun 10 05:14:18 UTC 2025
Commit #6 on Tue Jun 10 05:14:19 UTC 2025
Commit #7 on Tue Jun 10 05:14:20 UTC 2025
Commit #8 on Tue Jun 10 05:14:21 UTC 2025
Commit #9 on Tue Jun 10 05:14:22 UTC 2025
Commit #10 on Tue Jun 10 05:14:23 UTC 2025
Commit #11 on Tue Jun 10 05:14:24 UTC 2025
Commit #12 on Tue Jun 10 05:14:25 UTC 2025
Commit #1 on Wed Jun 11 05:14:43 UTC 2025
Commit #2 on Wed Jun 11 05:14:44 UTC 2025
Commit #3 on Wed Jun 11 05:14:45 UTC 2025
Commit #4 on Wed Jun 11 05:14:46 UTC 2025
Commit #1 on Thu Jun 12 05:13:43 UTC 2025
Commit #2 on Thu Jun 12 05:13:44 UTC 2025
Commit #3 on Thu Jun 12 05:13:46 UTC 2025
Commit #4 on Thu Jun 12 05:13:47 UTC 2025
Commit #5 on Thu Jun 12 05:13:48 UTC 2025
Commit #6 on Thu Jun 12 05:13:49 UTC 2025
Commit #1 on Fri Jun 13 05:13:41 UTC 2025
Commit #2 on Fri Jun 13 05:13:42 UTC 2025
Commit #3 on Fri Jun 13 05:13:43 UTC 2025
Commit #4 on Fri Jun 13 05:13:44 UTC 2025
Commit #5 on Fri Jun 13 05:13:45 UTC 2025
Commit #6 on Fri Jun 13 05:13:46 UTC 2025
Commit #1 on Sat Jun 14 05:13:22 UTC 2025
Commit #2 on Sat Jun 14 05:13:23 UTC 2025
Commit #3 on Sat Jun 14 05:13:24 UTC 2025
Commit #4 on Sat Jun 14 05:13:25 UTC 2025
Commit #5 on Sat Jun 14 05:13:26 UTC 2025
Commit #6 on Sat Jun 14 05:13:27 UTC 2025
Commit #1 on Sun Jun 15 05:13:25 UTC 2025
Commit #2 on Sun Jun 15 05:13:26 UTC 2025
Commit #3 on Sun Jun 15 05:13:27 UTC 2025
Commit #4 on Sun Jun 15 05:13:28 UTC 2025
Commit #5 on Sun Jun 15 05:13:29 UTC 2025
Commit #6 on Sun Jun 15 05:13:30 UTC 2025
Commit #7 on Sun Jun 15 05:13:31 UTC 2025
Commit #1 on Mon Jun 16 05:16:06 UTC 2025
Commit #2 on Mon Jun 16 05:16:07 UTC 2025
Commit #3 on Mon Jun 16 05:16:08 UTC 2025
Commit #4 on Mon Jun 16 05:16:09 UTC 2025
Commit #5 on Mon Jun 16 05:16:10 UTC 2025
Commit #6 on Mon Jun 16 05:16:11 UTC 2025
Commit #7 on Mon Jun 16 05:16:12 UTC 2025
Commit #8 on Mon Jun 16 05:16:13 UTC 2025
Commit #9 on Mon Jun 16 05:16:14 UTC 2025
Commit #10 on Mon Jun 16 05:16:15 UTC 2025
Commit #11 on Mon Jun 16 05:16:16 UTC 2025
Commit #12 on Mon Jun 16 05:16:17 UTC 2025
Commit #1 on Tue Jun 17 05:13:50 UTC 2025
Commit #2 on Tue Jun 17 05:13:51 UTC 2025
Commit #3 on Tue Jun 17 05:13:52 UTC 2025
Commit #4 on Tue Jun 17 05:13:53 UTC 2025
Commit #5 on Tue Jun 17 05:13:54 UTC 2025
Commit #1 on Wed Jun 18 05:14:32 UTC 2025
Commit #2 on Wed Jun 18 05:14:33 UTC 2025
Commit #3 on Wed Jun 18 05:14:34 UTC 2025
Commit #4 on Wed Jun 18 05:14:35 UTC 2025
Commit #5 on Wed Jun 18 05:14:36 UTC 2025
Commit #6 on Wed Jun 18 05:14:37 UTC 2025
Commit #7 on Wed Jun 18 05:14:38 UTC 2025
Commit #1 on Thu Jun 19 05:13:55 UTC 2025
Commit #2 on Thu Jun 19 05:13:56 UTC 2025
Commit #3 on Thu Jun 19 05:13:57 UTC 2025
Commit #4 on Thu Jun 19 05:13:58 UTC 2025
Commit #5 on Thu Jun 19 05:13:59 UTC 2025
Commit #6 on Thu Jun 19 05:14:00 UTC 2025
Commit #7 on Thu Jun 19 05:14:01 UTC 2025
Commit #8 on Thu Jun 19 05:14:02 UTC 2025
Commit #1 on Fri Jun 20 05:14:26 UTC 2025
Commit #2 on Fri Jun 20 05:14:27 UTC 2025
Commit #3 on Fri Jun 20 05:14:28 UTC 2025
Commit #1 on Sat Jun 21 05:12:50 UTC 2025
Commit #2 on Sat Jun 21 05:12:51 UTC 2025
Commit #3 on Sat Jun 21 05:12:52 UTC 2025
Commit #4 on Sat Jun 21 05:12:53 UTC 2025
Commit #5 on Sat Jun 21 05:12:54 UTC 2025
Commit #1 on Sun Jun 22 05:13:51 UTC 2025
Commit #2 on Sun Jun 22 05:13:52 UTC 2025
Commit #3 on Sun Jun 22 05:13:53 UTC 2025
Commit #4 on Sun Jun 22 05:13:54 UTC 2025
Commit #5 on Sun Jun 22 05:13:55 UTC 2025
Commit #6 on Sun Jun 22 05:13:56 UTC 2025
Commit #7 on Sun Jun 22 05:13:57 UTC 2025
Commit #1 on Mon Jun 23 05:16:24 UTC 2025
Commit #2 on Mon Jun 23 05:16:25 UTC 2025
Commit #3 on Mon Jun 23 05:16:26 UTC 2025
Commit #4 on Mon Jun 23 05:16:27 UTC 2025
Commit #1 on Tue Jun 24 05:17:03 UTC 2025
Commit #2 on Tue Jun 24 05:17:04 UTC 2025
Commit #3 on Tue Jun 24 05:17:05 UTC 2025
Commit #4 on Tue Jun 24 05:17:06 UTC 2025
Commit #5 on Tue Jun 24 05:17:07 UTC 2025
Commit #6 on Tue Jun 24 05:17:08 UTC 2025
Commit #7 on Tue Jun 24 05:17:10 UTC 2025
Commit #8 on Tue Jun 24 05:17:11 UTC 2025
Commit #9 on Tue Jun 24 05:17:12 UTC 2025
Commit #10 on Tue Jun 24 05:17:13 UTC 2025
Commit #1 on Wed Jun 25 05:15:40 UTC 2025
Commit #2 on Wed Jun 25 05:15:41 UTC 2025
Commit #3 on Wed Jun 25 05:15:42 UTC 2025
Commit #4 on Wed Jun 25 05:15:43 UTC 2025
Commit #1 on Thu Jun 26 05:14:39 UTC 2025
Commit #2 on Thu Jun 26 05:14:40 UTC 2025
Commit #3 on Thu Jun 26 05:14:41 UTC 2025
Commit #4 on Thu Jun 26 05:14:42 UTC 2025
Commit #5 on Thu Jun 26 05:14:43 UTC 2025
Commit #6 on Thu Jun 26 05:14:44 UTC 2025
Commit #1 on Fri Jun 27 05:14:47 UTC 2025
Commit #2 on Fri Jun 27 05:14:48 UTC 2025
Commit #3 on Fri Jun 27 05:14:49 UTC 2025
Commit #4 on Fri Jun 27 05:14:50 UTC 2025
Commit #5 on Fri Jun 27 05:14:51 UTC 2025
Commit #6 on Fri Jun 27 05:14:52 UTC 2025
Commit #7 on Fri Jun 27 05:14:53 UTC 2025
Commit #1 on Sat Jun 28 05:13:52 UTC 2025
Commit #2 on Sat Jun 28 05:13:53 UTC 2025
Commit #3 on Sat Jun 28 05:13:54 UTC 2025
Commit #4 on Sat Jun 28 05:13:55 UTC 2025
Commit #5 on Sat Jun 28 05:13:56 UTC 2025
Commit #6 on Sat Jun 28 05:13:57 UTC 2025
Commit #7 on Sat Jun 28 05:13:58 UTC 2025
Commit #8 on Sat Jun 28 05:13:59 UTC 2025
Commit #9 on Sat Jun 28 05:14:00 UTC 2025
Commit #10 on Sat Jun 28 05:14:01 UTC 2025
Commit #1 on Sun Jun 29 05:17:25 UTC 2025
Commit #2 on Sun Jun 29 05:17:26 UTC 2025
Commit #3 on Sun Jun 29 05:17:27 UTC 2025
Commit #4 on Sun Jun 29 05:17:28 UTC 2025
Commit #5 on Sun Jun 29 05:17:29 UTC 2025
Commit #6 on Sun Jun 29 05:17:30 UTC 2025
Commit #7 on Sun Jun 29 05:17:31 UTC 2025
Commit #8 on Sun Jun 29 05:17:32 UTC 2025
Commit #9 on Sun Jun 29 05:17:33 UTC 2025
Commit #10 on Sun Jun 29 05:17:34 UTC 2025
Commit #11 on Sun Jun 29 05:17:35 UTC 2025
Commit #1 on Mon Jun 30 05:16:35 UTC 2025
Commit #2 on Mon Jun 30 05:16:36 UTC 2025
Commit #3 on Mon Jun 30 05:16:37 UTC 2025
Commit #1 on Tue Jul  1 05:18:11 UTC 2025
Commit #2 on Tue Jul  1 05:18:12 UTC 2025
Commit #3 on Tue Jul  1 05:18:13 UTC 2025
Commit #4 on Tue Jul  1 05:18:14 UTC 2025
Commit #1 on Wed Jul  2 05:16:14 UTC 2025
Commit #2 on Wed Jul  2 05:16:15 UTC 2025
Commit #3 on Wed Jul  2 05:16:16 UTC 2025
Commit #4 on Wed Jul  2 05:16:17 UTC 2025
Commit #1 on Thu Jul  3 05:17:46 UTC 2025
Commit #2 on Thu Jul  3 05:17:47 UTC 2025
Commit #3 on Thu Jul  3 05:17:48 UTC 2025
Commit #4 on Thu Jul  3 05:17:49 UTC 2025
Commit #5 on Thu Jul  3 05:17:50 UTC 2025
Commit #6 on Thu Jul  3 05:17:51 UTC 2025
Commit #7 on Thu Jul  3 05:17:52 UTC 2025
Commit #8 on Thu Jul  3 05:17:53 UTC 2025
Commit #9 on Thu Jul  3 05:17:54 UTC 2025
Commit #10 on Thu Jul  3 05:17:55 UTC 2025
Commit #1 on Fri Jul  4 05:16:11 UTC 2025
Commit #2 on Fri Jul  4 05:16:12 UTC 2025
Commit #3 on Fri Jul  4 05:16:13 UTC 2025
Commit #1 on Sat Jul  5 05:13:21 UTC 2025
Commit #2 on Sat Jul  5 05:13:22 UTC 2025
Commit #3 on Sat Jul  5 05:13:23 UTC 2025
Commit #4 on Sat Jul  5 05:13:24 UTC 2025
Commit #5 on Sat Jul  5 05:13:25 UTC 2025
Commit #1 on Sun Jul  6 05:14:00 UTC 2025
Commit #2 on Sun Jul  6 05:14:01 UTC 2025
Commit #3 on Sun Jul  6 05:14:02 UTC 2025
Commit #4 on Sun Jul  6 05:14:03 UTC 2025
Commit #5 on Sun Jul  6 05:14:04 UTC 2025
Commit #6 on Sun Jul  6 05:14:05 UTC 2025
Commit #7 on Sun Jul  6 05:14:06 UTC 2025
Commit #8 on Sun Jul  6 05:14:07 UTC 2025
Commit #9 on Sun Jul  6 05:14:08 UTC 2025
Commit #10 on Sun Jul  6 05:14:10 UTC 2025
Commit #11 on Sun Jul  6 05:14:11 UTC 2025
Commit #12 on Sun Jul  6 05:14:12 UTC 2025
Commit #1 on Mon Jul  7 05:17:08 UTC 2025
Commit #2 on Mon Jul  7 05:17:09 UTC 2025
Commit #3 on Mon Jul  7 05:17:10 UTC 2025
Commit #4 on Mon Jul  7 05:17:11 UTC 2025
Commit #5 on Mon Jul  7 05:17:12 UTC 2025
Commit #6 on Mon Jul  7 05:17:14 UTC 2025
Commit #7 on Mon Jul  7 05:17:15 UTC 2025
Commit #8 on Mon Jul  7 05:17:16 UTC 2025
Commit #9 on Mon Jul  7 05:17:17 UTC 2025
Commit #1 on Tue Jul  8 05:15:40 UTC 2025
Commit #2 on Tue Jul  8 05:15:41 UTC 2025
Commit #3 on Tue Jul  8 05:15:42 UTC 2025
Commit #4 on Tue Jul  8 05:15:43 UTC 2025
Commit #5 on Tue Jul  8 05:15:44 UTC 2025
Commit #6 on Tue Jul  8 05:15:45 UTC 2025
Commit #7 on Tue Jul  8 05:15:46 UTC 2025
Commit #8 on Tue Jul  8 05:15:47 UTC 2025
Commit #9 on Tue Jul  8 05:15:48 UTC 2025
Commit #1 on Wed Jul  9 05:18:54 UTC 2025
Commit #2 on Wed Jul  9 05:18:55 UTC 2025
Commit #3 on Wed Jul  9 05:18:56 UTC 2025
Commit #4 on Wed Jul  9 05:18:57 UTC 2025
Commit #5 on Wed Jul  9 05:18:58 UTC 2025
Commit #6 on Wed Jul  9 05:18:59 UTC 2025
Commit #7 on Wed Jul  9 05:19:00 UTC 2025
Commit #8 on Wed Jul  9 05:19:01 UTC 2025
Commit #9 on Wed Jul  9 05:19:02 UTC 2025
Commit #10 on Wed Jul  9 05:19:03 UTC 2025
Commit #11 on Wed Jul  9 05:19:04 UTC 2025
Commit #12 on Wed Jul  9 05:19:05 UTC 2025
Commit #1 on Thu Jul 10 05:17:38 UTC 2025
Commit #2 on Thu Jul 10 05:17:39 UTC 2025
Commit #3 on Thu Jul 10 05:17:40 UTC 2025
Commit #4 on Thu Jul 10 05:17:41 UTC 2025
Commit #5 on Thu Jul 10 05:17:42 UTC 2025
Commit #6 on Thu Jul 10 05:17:43 UTC 2025
Commit #7 on Thu Jul 10 05:17:44 UTC 2025
Commit #1 on Fri Jul 11 05:17:47 UTC 2025
Commit #2 on Fri Jul 11 05:17:48 UTC 2025
Commit #3 on Fri Jul 11 05:17:49 UTC 2025
Commit #4 on Fri Jul 11 05:17:50 UTC 2025
Commit #5 on Fri Jul 11 05:17:51 UTC 2025
Commit #1 on Sat Jul 12 05:14:29 UTC 2025
Commit #2 on Sat Jul 12 05:14:30 UTC 2025
Commit #3 on Sat Jul 12 05:14:31 UTC 2025
Commit #4 on Sat Jul 12 05:14:32 UTC 2025
Commit #5 on Sat Jul 12 05:14:33 UTC 2025
Commit #6 on Sat Jul 12 05:14:34 UTC 2025
Commit #7 on Sat Jul 12 05:14:35 UTC 2025
Commit #8 on Sat Jul 12 05:14:36 UTC 2025
Commit #9 on Sat Jul 12 05:14:37 UTC 2025
Commit #1 on Sun Jul 13 05:16:17 UTC 2025
Commit #2 on Sun Jul 13 05:16:18 UTC 2025
Commit #3 on Sun Jul 13 05:16:19 UTC 2025
Commit #4 on Sun Jul 13 05:16:20 UTC 2025
Commit #5 on Sun Jul 13 05:16:21 UTC 2025
Commit #1 on Mon Jul 14 05:20:20 UTC 2025
Commit #2 on Mon Jul 14 05:20:21 UTC 2025
Commit #3 on Mon Jul 14 05:20:22 UTC 2025
Commit #4 on Mon Jul 14 05:20:23 UTC 2025
Commit #5 on Mon Jul 14 05:20:24 UTC 2025
Commit #6 on Mon Jul 14 05:20:25 UTC 2025
Commit #7 on Mon Jul 14 05:20:26 UTC 2025
Commit #1 on Tue Jul 15 05:19:27 UTC 2025
Commit #2 on Tue Jul 15 05:19:28 UTC 2025
Commit #3 on Tue Jul 15 05:19:29 UTC 2025
Commit #1 on Wed Jul 16 05:20:26 UTC 2025
Commit #2 on Wed Jul 16 05:20:27 UTC 2025
Commit #3 on Wed Jul 16 05:20:28 UTC 2025
Commit #4 on Wed Jul 16 05:20:29 UTC 2025
Commit #5 on Wed Jul 16 05:20:30 UTC 2025
Commit #6 on Wed Jul 16 05:20:31 UTC 2025
Commit #7 on Wed Jul 16 05:20:32 UTC 2025
Commit #1 on Thu Jul 17 05:19:26 UTC 2025
Commit #2 on Thu Jul 17 05:19:27 UTC 2025
Commit #3 on Thu Jul 17 05:19:28 UTC 2025
Commit #4 on Thu Jul 17 05:19:29 UTC 2025
Commit #1 on Fri Jul 18 05:20:39 UTC 2025
Commit #2 on Fri Jul 18 05:20:40 UTC 2025
Commit #3 on Fri Jul 18 05:20:41 UTC 2025
Commit #4 on Fri Jul 18 05:20:42 UTC 2025
Commit #1 on Sat Jul 19 05:16:40 UTC 2025
Commit #2 on Sat Jul 19 05:16:41 UTC 2025
Commit #3 on Sat Jul 19 05:16:42 UTC 2025
Commit #4 on Sat Jul 19 05:16:43 UTC 2025
Commit #5 on Sat Jul 19 05:16:44 UTC 2025
Commit #6 on Sat Jul 19 05:16:45 UTC 2025
Commit #7 on Sat Jul 19 05:16:46 UTC 2025
Commit #1 on Sun Jul 20 05:19:57 UTC 2025
Commit #2 on Sun Jul 20 05:19:58 UTC 2025
Commit #3 on Sun Jul 20 05:19:59 UTC 2025
Commit #4 on Sun Jul 20 05:20:00 UTC 2025
Commit #5 on Sun Jul 20 05:20:01 UTC 2025
Commit #6 on Sun Jul 20 05:20:02 UTC 2025
Commit #7 on Sun Jul 20 05:20:03 UTC 2025
Commit #8 on Sun Jul 20 05:20:04 UTC 2025
Commit #1 on Mon Jul 21 05:22:04 UTC 2025
Commit #2 on Mon Jul 21 05:22:05 UTC 2025
Commit #3 on Mon Jul 21 05:22:06 UTC 2025
Commit #4 on Mon Jul 21 05:22:07 UTC 2025
Commit #5 on Mon Jul 21 05:22:08 UTC 2025
Commit #6 on Mon Jul 21 05:22:09 UTC 2025
Commit #7 on Mon Jul 21 05:22:10 UTC 2025
Commit #8 on Mon Jul 21 05:22:11 UTC 2025
Commit #9 on Mon Jul 21 05:22:12 UTC 2025
Commit #10 on Mon Jul 21 05:22:13 UTC 2025
Commit #1 on Tue Jul 22 05:19:26 UTC 2025
Commit #2 on Tue Jul 22 05:19:27 UTC 2025
Commit #3 on Tue Jul 22 05:19:28 UTC 2025
Commit #4 on Tue Jul 22 05:19:29 UTC 2025
Commit #5 on Tue Jul 22 05:19:30 UTC 2025
Commit #1 on Wed Jul 23 05:22:23 UTC 2025
Commit #2 on Wed Jul 23 05:22:24 UTC 2025
Commit #3 on Wed Jul 23 05:22:25 UTC 2025
Commit #4 on Wed Jul 23 05:22:26 UTC 2025
Commit #5 on Wed Jul 23 05:22:27 UTC 2025
Commit #6 on Wed Jul 23 05:22:28 UTC 2025
Commit #7 on Wed Jul 23 05:22:29 UTC 2025
Commit #8 on Wed Jul 23 05:22:30 UTC 2025
Commit #1 on Thu Jul 24 05:20:19 UTC 2025
Commit #2 on Thu Jul 24 05:20:20 UTC 2025
Commit #3 on Thu Jul 24 05:20:21 UTC 2025
Commit #4 on Thu Jul 24 05:20:22 UTC 2025
Commit #5 on Thu Jul 24 05:20:23 UTC 2025
Commit #6 on Thu Jul 24 05:20:24 UTC 2025
Commit #1 on Fri Jul 25 05:21:45 UTC 2025
Commit #2 on Fri Jul 25 05:21:46 UTC 2025
Commit #3 on Fri Jul 25 05:21:47 UTC 2025
Commit #4 on Fri Jul 25 05:21:48 UTC 2025
Commit #5 on Fri Jul 25 05:21:49 UTC 2025
Commit #6 on Fri Jul 25 05:21:50 UTC 2025
Commit #7 on Fri Jul 25 05:21:51 UTC 2025
Commit #8 on Fri Jul 25 05:21:52 UTC 2025
Commit #9 on Fri Jul 25 05:21:53 UTC 2025
Commit #10 on Fri Jul 25 05:21:54 UTC 2025
Commit #11 on Fri Jul 25 05:21:55 UTC 2025
Commit #12 on Fri Jul 25 05:21:56 UTC 2025
Commit #1 on Sat Jul 26 05:17:48 UTC 2025
Commit #2 on Sat Jul 26 05:17:49 UTC 2025
Commit #3 on Sat Jul 26 05:17:50 UTC 2025
Commit #4 on Sat Jul 26 05:17:51 UTC 2025
Commit #5 on Sat Jul 26 05:17:52 UTC 2025
Commit #6 on Sat Jul 26 05:17:53 UTC 2025
Commit #7 on Sat Jul 26 05:17:54 UTC 2025
Commit #8 on Sat Jul 26 05:17:55 UTC 2025
Commit #9 on Sat Jul 26 05:17:56 UTC 2025
Commit #10 on Sat Jul 26 05:17:57 UTC 2025
Commit #1 on Sun Jul 27 05:20:15 UTC 2025
Commit #2 on Sun Jul 27 05:20:16 UTC 2025
Commit #3 on Sun Jul 27 05:20:17 UTC 2025
Commit #4 on Sun Jul 27 05:20:18 UTC 2025
Commit #5 on Sun Jul 27 05:20:19 UTC 2025
Commit #6 on Sun Jul 27 05:20:21 UTC 2025
Commit #7 on Sun Jul 27 05:20:22 UTC 2025
Commit #8 on Sun Jul 27 05:20:23 UTC 2025
Commit #9 on Sun Jul 27 05:20:24 UTC 2025
Commit #1 on Mon Jul 28 05:23:12 UTC 2025
Commit #2 on Mon Jul 28 05:23:13 UTC 2025
Commit #3 on Mon Jul 28 05:23:14 UTC 2025
Commit #4 on Mon Jul 28 05:23:15 UTC 2025
Commit #5 on Mon Jul 28 05:23:16 UTC 2025
Commit #6 on Mon Jul 28 05:23:18 UTC 2025
Commit #7 on Mon Jul 28 05:23:19 UTC 2025
Commit #1 on Tue Jul 29 05:22:48 UTC 2025
Commit #2 on Tue Jul 29 05:22:49 UTC 2025
Commit #3 on Tue Jul 29 05:22:50 UTC 2025
Commit #4 on Tue Jul 29 05:22:51 UTC 2025
Commit #5 on Tue Jul 29 05:22:52 UTC 2025
Commit #6 on Tue Jul 29 05:22:53 UTC 2025
Commit #7 on Tue Jul 29 05:22:54 UTC 2025
Commit #8 on Tue Jul 29 05:22:55 UTC 2025
Commit #9 on Tue Jul 29 05:22:56 UTC 2025
Commit #10 on Tue Jul 29 05:22:57 UTC 2025
Commit #11 on Tue Jul 29 05:22:58 UTC 2025
Commit #12 on Tue Jul 29 05:22:59 UTC 2025
Commit #1 on Wed Jul 30 05:24:07 UTC 2025
Commit #2 on Wed Jul 30 05:24:08 UTC 2025
Commit #3 on Wed Jul 30 05:24:09 UTC 2025
Commit #4 on Wed Jul 30 05:24:10 UTC 2025
Commit #5 on Wed Jul 30 05:24:11 UTC 2025
Commit #6 on Wed Jul 30 05:24:12 UTC 2025
Commit #7 on Wed Jul 30 05:24:13 UTC 2025
Commit #8 on Wed Jul 30 05:24:14 UTC 2025
Commit #9 on Wed Jul 30 05:24:15 UTC 2025
Commit #10 on Wed Jul 30 05:24:16 UTC 2025
Commit #11 on Wed Jul 30 05:24:17 UTC 2025
Commit #12 on Wed Jul 30 05:24:18 UTC 2025
Commit #1 on Thu Jul 31 05:22:05 UTC 2025
Commit #2 on Thu Jul 31 05:22:06 UTC 2025
Commit #3 on Thu Jul 31 05:22:07 UTC 2025
Commit #4 on Thu Jul 31 05:22:08 UTC 2025
Commit #5 on Thu Jul 31 05:22:09 UTC 2025
Commit #6 on Thu Jul 31 05:22:10 UTC 2025
Commit #7 on Thu Jul 31 05:22:11 UTC 2025
Commit #8 on Thu Jul 31 05:22:12 UTC 2025
Commit #9 on Thu Jul 31 05:22:13 UTC 2025
Commit #10 on Thu Jul 31 05:22:14 UTC 2025
Commit #11 on Thu Jul 31 05:22:15 UTC 2025
Commit #1 on Fri Aug  1 05:26:47 UTC 2025
Commit #2 on Fri Aug  1 05:26:48 UTC 2025
Commit #3 on Fri Aug  1 05:26:49 UTC 2025
Commit #4 on Fri Aug  1 05:26:50 UTC 2025
Commit #5 on Fri Aug  1 05:26:51 UTC 2025
Commit #6 on Fri Aug  1 05:26:52 UTC 2025
Commit #7 on Fri Aug  1 05:26:53 UTC 2025
Commit #8 on Fri Aug  1 05:26:54 UTC 2025
Commit #9 on Fri Aug  1 05:26:55 UTC 2025
Commit #10 on Fri Aug  1 05:26:56 UTC 2025
Commit #11 on Fri Aug  1 05:26:57 UTC 2025
Commit #12 on Fri Aug  1 05:26:58 UTC 2025
Commit #1 on Sat Aug  2 05:18:20 UTC 2025
Commit #2 on Sat Aug  2 05:18:21 UTC 2025
Commit #3 on Sat Aug  2 05:18:22 UTC 2025
Commit #4 on Sat Aug  2 05:18:23 UTC 2025
Commit #5 on Sat Aug  2 05:18:24 UTC 2025
Commit #6 on Sat Aug  2 05:18:25 UTC 2025
Commit #7 on Sat Aug  2 05:18:26 UTC 2025
Commit #8 on Sat Aug  2 05:18:27 UTC 2025
Commit #9 on Sat Aug  2 05:18:28 UTC 2025
Commit #10 on Sat Aug  2 05:18:29 UTC 2025
Commit #11 on Sat Aug  2 05:18:30 UTC 2025
Commit #12 on Sat Aug  2 05:18:31 UTC 2025
Commit #1 on Sun Aug  3 05:21:34 UTC 2025
Commit #2 on Sun Aug  3 05:21:35 UTC 2025
Commit #3 on Sun Aug  3 05:21:36 UTC 2025
Commit #4 on Sun Aug  3 05:21:37 UTC 2025
Commit #5 on Sun Aug  3 05:21:38 UTC 2025
Commit #6 on Sun Aug  3 05:21:39 UTC 2025
Commit #1 on Mon Aug  4 05:32:12 UTC 2025
Commit #2 on Mon Aug  4 05:32:13 UTC 2025
Commit #3 on Mon Aug  4 05:32:14 UTC 2025
Commit #4 on Mon Aug  4 05:32:15 UTC 2025
Commit #5 on Mon Aug  4 05:32:16 UTC 2025
Commit #6 on Mon Aug  4 05:32:17 UTC 2025
Commit #7 on Mon Aug  4 05:32:18 UTC 2025
Commit #1 on Tue Aug  5 05:24:11 UTC 2025
Commit #2 on Tue Aug  5 05:24:12 UTC 2025
Commit #3 on Tue Aug  5 05:24:13 UTC 2025
Commit #4 on Tue Aug  5 05:24:14 UTC 2025
Commit #5 on Tue Aug  5 05:24:15 UTC 2025
Commit #6 on Tue Aug  5 05:24:16 UTC 2025
Commit #7 on Tue Aug  5 05:24:17 UTC 2025
Commit #8 on Tue Aug  5 05:24:18 UTC 2025
Commit #9 on Tue Aug  5 05:24:19 UTC 2025
Commit #10 on Tue Aug  5 05:24:20 UTC 2025
Commit #11 on Tue Aug  5 05:24:21 UTC 2025
Commit #12 on Tue Aug  5 05:24:22 UTC 2025
Commit #1 on Wed Aug  6 05:25:16 UTC 2025
Commit #2 on Wed Aug  6 05:25:17 UTC 2025
Commit #3 on Wed Aug  6 05:25:18 UTC 2025
Commit #4 on Wed Aug  6 05:25:19 UTC 2025
Commit #5 on Wed Aug  6 05:25:20 UTC 2025
Commit #1 on Thu Aug  7 05:23:53 UTC 2025
Commit #2 on Thu Aug  7 05:23:54 UTC 2025
Commit #3 on Thu Aug  7 05:23:55 UTC 2025
Commit #4 on Thu Aug  7 05:23:56 UTC 2025
Commit #5 on Thu Aug  7 05:23:57 UTC 2025
Commit #6 on Thu Aug  7 05:23:58 UTC 2025
Commit #7 on Thu Aug  7 05:23:59 UTC 2025
Commit #8 on Thu Aug  7 05:24:00 UTC 2025
Commit #9 on Thu Aug  7 05:24:01 UTC 2025
Commit #10 on Thu Aug  7 05:24:02 UTC 2025
Commit #11 on Thu Aug  7 05:24:03 UTC 2025
Commit #1 on Fri Aug  8 05:24:01 UTC 2025
Commit #2 on Fri Aug  8 05:24:02 UTC 2025
Commit #3 on Fri Aug  8 05:24:03 UTC 2025
Commit #4 on Fri Aug  8 05:24:04 UTC 2025
Commit #5 on Fri Aug  8 05:24:05 UTC 2025
Commit #6 on Fri Aug  8 05:24:06 UTC 2025
Commit #7 on Fri Aug  8 05:24:07 UTC 2025
Commit #8 on Fri Aug  8 05:24:08 UTC 2025
Commit #9 on Fri Aug  8 05:24:09 UTC 2025
Commit #10 on Fri Aug  8 05:24:10 UTC 2025
Commit #11 on Fri Aug  8 05:24:11 UTC 2025
Commit #12 on Fri Aug  8 05:24:12 UTC 2025
Commit #1 on Sat Aug  9 05:14:18 UTC 2025
Commit #2 on Sat Aug  9 05:14:19 UTC 2025
Commit #3 on Sat Aug  9 05:14:20 UTC 2025
Commit #4 on Sat Aug  9 05:14:21 UTC 2025
Commit #5 on Sat Aug  9 05:14:22 UTC 2025
Commit #6 on Sat Aug  9 05:14:23 UTC 2025
Commit #1 on Sun Aug 10 05:18:21 UTC 2025
Commit #2 on Sun Aug 10 05:18:23 UTC 2025
Commit #3 on Sun Aug 10 05:18:24 UTC 2025
Commit #4 on Sun Aug 10 05:18:25 UTC 2025
Commit #5 on Sun Aug 10 05:18:26 UTC 2025
Commit #1 on Mon Aug 11 05:22:48 UTC 2025
Commit #2 on Mon Aug 11 05:22:49 UTC 2025
Commit #3 on Mon Aug 11 05:22:50 UTC 2025
Commit #4 on Mon Aug 11 05:22:51 UTC 2025
Commit #1 on Tue Aug 12 05:14:03 UTC 2025
Commit #2 on Tue Aug 12 05:14:04 UTC 2025
Commit #3 on Tue Aug 12 05:14:05 UTC 2025
Commit #4 on Tue Aug 12 05:14:06 UTC 2025
Commit #5 on Tue Aug 12 05:14:07 UTC 2025
Commit #6 on Tue Aug 12 05:14:08 UTC 2025
Commit #7 on Tue Aug 12 05:14:09 UTC 2025
Commit #1 on Wed Aug 13 05:15:53 UTC 2025
Commit #2 on Wed Aug 13 05:15:54 UTC 2025
Commit #3 on Wed Aug 13 05:15:55 UTC 2025
Commit #4 on Wed Aug 13 05:15:56 UTC 2025
Commit #5 on Wed Aug 13 05:15:57 UTC 2025
Commit #6 on Wed Aug 13 05:15:58 UTC 2025
Commit #7 on Wed Aug 13 05:15:59 UTC 2025
Commit #8 on Wed Aug 13 05:16:00 UTC 2025
Commit #9 on Wed Aug 13 05:16:01 UTC 2025
Commit #10 on Wed Aug 13 05:16:02 UTC 2025
Commit #11 on Wed Aug 13 05:16:03 UTC 2025
Commit #12 on Wed Aug 13 05:16:04 UTC 2025
Commit #1 on Thu Aug 14 05:15:24 UTC 2025
Commit #2 on Thu Aug 14 05:15:25 UTC 2025
Commit #3 on Thu Aug 14 05:15:26 UTC 2025
Commit #1 on Fri Aug 15 05:15:12 UTC 2025
Commit #2 on Fri Aug 15 05:15:13 UTC 2025
Commit #3 on Fri Aug 15 05:15:14 UTC 2025
Commit #4 on Fri Aug 15 05:15:15 UTC 2025
Commit #5 on Fri Aug 15 05:15:16 UTC 2025
Commit #6 on Fri Aug 15 05:15:17 UTC 2025
Commit #7 on Fri Aug 15 05:15:18 UTC 2025
Commit #8 on Fri Aug 15 05:15:19 UTC 2025
Commit #9 on Fri Aug 15 05:15:20 UTC 2025
Commit #10 on Fri Aug 15 05:15:21 UTC 2025
Commit #11 on Fri Aug 15 05:15:22 UTC 2025
Commit #1 on Sat Aug 16 05:13:20 UTC 2025
Commit #2 on Sat Aug 16 05:13:21 UTC 2025
Commit #3 on Sat Aug 16 05:13:22 UTC 2025
Commit #4 on Sat Aug 16 05:13:23 UTC 2025
Commit #5 on Sat Aug 16 05:13:24 UTC 2025
Commit #6 on Sat Aug 16 05:13:25 UTC 2025
Commit #1 on Sun Aug 17 05:13:59 UTC 2025
Commit #2 on Sun Aug 17 05:14:00 UTC 2025
Commit #3 on Sun Aug 17 05:14:01 UTC 2025
Commit #4 on Sun Aug 17 05:14:02 UTC 2025
Commit #5 on Sun Aug 17 05:14:03 UTC 2025
Commit #6 on Sun Aug 17 05:14:04 UTC 2025
Commit #7 on Sun Aug 17 05:14:05 UTC 2025
Commit #8 on Sun Aug 17 05:14:06 UTC 2025
Commit #9 on Sun Aug 17 05:14:07 UTC 2025
Commit #10 on Sun Aug 17 05:14:08 UTC 2025
Commit #11 on Sun Aug 17 05:14:09 UTC 2025
Commit #1 on Mon Aug 18 05:18:45 UTC 2025
Commit #2 on Mon Aug 18 05:18:46 UTC 2025
Commit #3 on Mon Aug 18 05:18:47 UTC 2025
Commit #4 on Mon Aug 18 05:18:48 UTC 2025
Commit #5 on Mon Aug 18 05:18:49 UTC 2025
Commit #6 on Mon Aug 18 05:18:50 UTC 2025
Commit #7 on Mon Aug 18 05:18:51 UTC 2025
Commit #8 on Mon Aug 18 05:18:52 UTC 2025
Commit #1 on Tue Aug 19 05:13:35 UTC 2025
Commit #2 on Tue Aug 19 05:13:36 UTC 2025
Commit #3 on Tue Aug 19 05:13:37 UTC 2025
Commit #4 on Tue Aug 19 05:13:38 UTC 2025
Commit #5 on Tue Aug 19 05:13:39 UTC 2025
Commit #1 on Wed Aug 20 05:13:43 UTC 2025
Commit #2 on Wed Aug 20 05:13:44 UTC 2025
Commit #3 on Wed Aug 20 05:13:45 UTC 2025
Commit #4 on Wed Aug 20 05:13:46 UTC 2025
Commit #5 on Wed Aug 20 05:13:47 UTC 2025
Commit #6 on Wed Aug 20 05:13:48 UTC 2025
Commit #1 on Thu Aug 21 05:13:48 UTC 2025
Commit #2 on Thu Aug 21 05:13:49 UTC 2025
Commit #3 on Thu Aug 21 05:13:50 UTC 2025
Commit #4 on Thu Aug 21 05:13:51 UTC 2025
Commit #5 on Thu Aug 21 05:13:52 UTC 2025
Commit #6 on Thu Aug 21 05:13:53 UTC 2025
Commit #7 on Thu Aug 21 05:13:54 UTC 2025
Commit #8 on Thu Aug 21 05:13:55 UTC 2025
Commit #9 on Thu Aug 21 05:13:56 UTC 2025
Commit #10 on Thu Aug 21 05:13:57 UTC 2025
Commit #11 on Thu Aug 21 05:13:58 UTC 2025
Commit #1 on Fri Aug 22 05:13:42 UTC 2025
Commit #2 on Fri Aug 22 05:13:43 UTC 2025
Commit #3 on Fri Aug 22 05:13:44 UTC 2025
Commit #4 on Fri Aug 22 05:13:45 UTC 2025
Commit #5 on Fri Aug 22 05:13:46 UTC 2025
Commit #6 on Fri Aug 22 05:13:47 UTC 2025
Commit #1 on Sat Aug 23 05:12:12 UTC 2025
Commit #2 on Sat Aug 23 05:12:13 UTC 2025
Commit #3 on Sat Aug 23 05:12:14 UTC 2025
Commit #4 on Sat Aug 23 05:12:15 UTC 2025
Commit #5 on Sat Aug 23 05:12:16 UTC 2025
Commit #6 on Sat Aug 23 05:12:17 UTC 2025
Commit #7 on Sat Aug 23 05:12:18 UTC 2025
Commit #8 on Sat Aug 23 05:12:19 UTC 2025
Commit #9 on Sat Aug 23 05:12:20 UTC 2025
Commit #10 on Sat Aug 23 05:12:21 UTC 2025
Commit #11 on Sat Aug 23 05:12:22 UTC 2025
Commit #1 on Sun Aug 24 05:12:47 UTC 2025
Commit #2 on Sun Aug 24 05:12:48 UTC 2025
Commit #3 on Sun Aug 24 05:12:49 UTC 2025
Commit #4 on Sun Aug 24 05:12:50 UTC 2025
Commit #5 on Sun Aug 24 05:12:51 UTC 2025
Commit #1 on Mon Aug 25 05:14:39 UTC 2025
Commit #2 on Mon Aug 25 05:14:40 UTC 2025
Commit #3 on Mon Aug 25 05:14:41 UTC 2025
Commit #4 on Mon Aug 25 05:14:42 UTC 2025
Commit #5 on Mon Aug 25 05:14:43 UTC 2025
Commit #6 on Mon Aug 25 05:14:44 UTC 2025
Commit #7 on Mon Aug 25 05:14:45 UTC 2025
Commit #8 on Mon Aug 25 05:14:46 UTC 2025
Commit #9 on Mon Aug 25 05:14:47 UTC 2025
Commit #1 on Tue Aug 26 05:13:51 UTC 2025
Commit #2 on Tue Aug 26 05:13:52 UTC 2025
Commit #3 on Tue Aug 26 05:13:53 UTC 2025
Commit #4 on Tue Aug 26 05:13:54 UTC 2025
Commit #1 on Wed Aug 27 05:12:59 UTC 2025
Commit #2 on Wed Aug 27 05:13:00 UTC 2025
Commit #3 on Wed Aug 27 05:13:01 UTC 2025
Commit #4 on Wed Aug 27 05:13:02 UTC 2025
Commit #5 on Wed Aug 27 05:13:03 UTC 2025
Commit #6 on Wed Aug 27 05:13:04 UTC 2025
Commit #7 on Wed Aug 27 05:13:05 UTC 2025
Commit #8 on Wed Aug 27 05:13:06 UTC 2025
Commit #9 on Wed Aug 27 05:13:07 UTC 2025
Commit #10 on Wed Aug 27 05:13:08 UTC 2025
Commit #11 on Wed Aug 27 05:13:09 UTC 2025
Commit #12 on Wed Aug 27 05:13:10 UTC 2025
Commit #1 on Thu Aug 28 05:13:18 UTC 2025
Commit #2 on Thu Aug 28 05:13:19 UTC 2025
Commit #3 on Thu Aug 28 05:13:20 UTC 2025
Commit #4 on Thu Aug 28 05:13:21 UTC 2025
Commit #5 on Thu Aug 28 05:13:22 UTC 2025
Commit #6 on Thu Aug 28 05:13:23 UTC 2025
Commit #7 on Thu Aug 28 05:13:24 UTC 2025
Commit #8 on Thu Aug 28 05:13:25 UTC 2025
Commit #1 on Fri Aug 29 05:12:51 UTC 2025
Commit #2 on Fri Aug 29 05:12:52 UTC 2025
Commit #3 on Fri Aug 29 05:12:53 UTC 2025
Commit #1 on Sat Aug 30 05:11:37 UTC 2025
Commit #2 on Sat Aug 30 05:11:38 UTC 2025
Commit #3 on Sat Aug 30 05:11:39 UTC 2025
Commit #4 on Sat Aug 30 05:11:40 UTC 2025
Commit #5 on Sat Aug 30 05:11:41 UTC 2025
Commit #6 on Sat Aug 30 05:11:42 UTC 2025
Commit #7 on Sat Aug 30 05:11:43 UTC 2025
Commit #8 on Sat Aug 30 05:11:44 UTC 2025
Commit #9 on Sat Aug 30 05:11:45 UTC 2025
Commit #1 on Sun Aug 31 05:12:14 UTC 2025
Commit #2 on Sun Aug 31 05:12:15 UTC 2025
Commit #3 on Sun Aug 31 05:12:16 UTC 2025
Commit #4 on Sun Aug 31 05:12:17 UTC 2025
Commit #5 on Sun Aug 31 05:12:18 UTC 2025
Commit #6 on Sun Aug 31 05:12:19 UTC 2025
Commit #7 on Sun Aug 31 05:12:20 UTC 2025
Commit #8 on Sun Aug 31 05:12:21 UTC 2025
Commit #9 on Sun Aug 31 05:12:22 UTC 2025
Commit #10 on Sun Aug 31 05:12:23 UTC 2025
Commit #11 on Sun Aug 31 05:12:24 UTC 2025
Commit #1 on Mon Sep  1 05:14:00 UTC 2025
Commit #2 on Mon Sep  1 05:14:01 UTC 2025
Commit #3 on Mon Sep  1 05:14:02 UTC 2025
Commit #4 on Mon Sep  1 05:14:03 UTC 2025
Commit #5 on Mon Sep  1 05:14:04 UTC 2025
Commit #6 on Mon Sep  1 05:14:05 UTC 2025
Commit #1 on Tue Sep  2 05:13:29 UTC 2025
Commit #2 on Tue Sep  2 05:13:30 UTC 2025
Commit #3 on Tue Sep  2 05:13:31 UTC 2025
Commit #1 on Wed Sep  3 05:12:29 UTC 2025
Commit #2 on Wed Sep  3 05:12:30 UTC 2025
Commit #3 on Wed Sep  3 05:12:31 UTC 2025
Commit #4 on Wed Sep  3 05:12:32 UTC 2025
Commit #5 on Wed Sep  3 05:12:33 UTC 2025
Commit #1 on Thu Sep  4 05:12:05 UTC 2025
Commit #2 on Thu Sep  4 05:12:06 UTC 2025
Commit #3 on Thu Sep  4 05:12:07 UTC 2025
Commit #1 on Fri Sep  5 05:13:05 UTC 2025
Commit #2 on Fri Sep  5 05:13:06 UTC 2025
Commit #3 on Fri Sep  5 05:13:07 UTC 2025
Commit #4 on Fri Sep  5 05:13:08 UTC 2025
Commit #5 on Fri Sep  5 05:13:09 UTC 2025
Commit #1 on Sat Sep  6 05:11:34 UTC 2025
Commit #2 on Sat Sep  6 05:11:35 UTC 2025
Commit #3 on Sat Sep  6 05:11:36 UTC 2025
Commit #4 on Sat Sep  6 05:11:37 UTC 2025
Commit #5 on Sat Sep  6 05:11:38 UTC 2025
Commit #6 on Sat Sep  6 05:11:39 UTC 2025
Commit #7 on Sat Sep  6 05:11:40 UTC 2025
Commit #8 on Sat Sep  6 05:11:41 UTC 2025
Commit #9 on Sat Sep  6 05:11:42 UTC 2025
Commit #10 on Sat Sep  6 05:11:43 UTC 2025
Commit #1 on Sun Sep  7 05:11:46 UTC 2025
Commit #2 on Sun Sep  7 05:11:47 UTC 2025
Commit #3 on Sun Sep  7 05:11:48 UTC 2025
Commit #1 on Mon Sep  8 05:13:29 UTC 2025
Commit #2 on Mon Sep  8 05:13:30 UTC 2025
Commit #3 on Mon Sep  8 05:13:31 UTC 2025
Commit #4 on Mon Sep  8 05:13:32 UTC 2025
Commit #5 on Mon Sep  8 05:13:33 UTC 2025
Commit #6 on Mon Sep  8 05:13:34 UTC 2025
Commit #7 on Mon Sep  8 05:13:35 UTC 2025
Commit #8 on Mon Sep  8 05:13:36 UTC 2025
Commit #1 on Tue Sep  9 05:13:22 UTC 2025
Commit #2 on Tue Sep  9 05:13:23 UTC 2025
Commit #3 on Tue Sep  9 05:13:24 UTC 2025
Commit #4 on Tue Sep  9 05:13:25 UTC 2025
Commit #5 on Tue Sep  9 05:13:26 UTC 2025
Commit #6 on Tue Sep  9 05:13:27 UTC 2025
Commit #7 on Tue Sep  9 05:13:28 UTC 2025
Commit #8 on Tue Sep  9 05:13:29 UTC 2025
Commit #9 on Tue Sep  9 05:13:30 UTC 2025
Commit #10 on Tue Sep  9 05:13:31 UTC 2025
Commit #11 on Tue Sep  9 05:13:32 UTC 2025
Commit #12 on Tue Sep  9 05:13:33 UTC 2025
Commit #1 on Wed Sep 10 05:12:27 UTC 2025
Commit #2 on Wed Sep 10 05:12:28 UTC 2025
Commit #3 on Wed Sep 10 05:12:29 UTC 2025
Commit #4 on Wed Sep 10 05:12:30 UTC 2025
Commit #5 on Wed Sep 10 05:12:31 UTC 2025
Commit #1 on Thu Sep 11 05:12:48 UTC 2025
Commit #2 on Thu Sep 11 05:12:49 UTC 2025
Commit #3 on Thu Sep 11 05:12:50 UTC 2025
Commit #4 on Thu Sep 11 05:12:51 UTC 2025
Commit #5 on Thu Sep 11 05:12:52 UTC 2025
Commit #6 on Thu Sep 11 05:12:53 UTC 2025
Commit #7 on Thu Sep 11 05:12:54 UTC 2025
Commit #8 on Thu Sep 11 05:12:55 UTC 2025
Commit #9 on Thu Sep 11 05:12:56 UTC 2025
Commit #10 on Thu Sep 11 05:12:57 UTC 2025
Commit #11 on Thu Sep 11 05:12:58 UTC 2025
Commit #12 on Thu Sep 11 05:12:59 UTC 2025
Commit #1 on Fri Sep 12 05:12:08 UTC 2025
Commit #2 on Fri Sep 12 05:12:09 UTC 2025
Commit #3 on Fri Sep 12 05:12:10 UTC 2025
Commit #4 on Fri Sep 12 05:12:11 UTC 2025
Commit #5 on Fri Sep 12 05:12:12 UTC 2025
Commit #6 on Fri Sep 12 05:12:13 UTC 2025
Commit #7 on Fri Sep 12 05:12:14 UTC 2025
Commit #8 on Fri Sep 12 05:12:15 UTC 2025
Commit #1 on Sat Sep 13 05:11:44 UTC 2025
Commit #2 on Sat Sep 13 05:11:45 UTC 2025
Commit #3 on Sat Sep 13 05:11:46 UTC 2025
Commit #4 on Sat Sep 13 05:11:47 UTC 2025
Commit #5 on Sat Sep 13 05:11:48 UTC 2025
Commit #1 on Sun Sep 14 05:11:43 UTC 2025
Commit #2 on Sun Sep 14 05:11:44 UTC 2025
Commit #3 on Sun Sep 14 05:11:45 UTC 2025
Commit #4 on Sun Sep 14 05:11:47 UTC 2025
Commit #5 on Sun Sep 14 05:11:48 UTC 2025
Commit #6 on Sun Sep 14 05:11:49 UTC 2025
Commit #1 on Mon Sep 15 05:13:46 UTC 2025
Commit #2 on Mon Sep 15 05:13:47 UTC 2025
Commit #3 on Mon Sep 15 05:13:48 UTC 2025
Commit #4 on Mon Sep 15 05:13:49 UTC 2025
Commit #5 on Mon Sep 15 05:13:50 UTC 2025
Commit #1 on Tue Sep 16 05:12:29 UTC 2025
Commit #2 on Tue Sep 16 05:12:30 UTC 2025
Commit #3 on Tue Sep 16 05:12:31 UTC 2025
Commit #1 on Wed Sep 17 05:12:35 UTC 2025
Commit #2 on Wed Sep 17 05:12:36 UTC 2025
Commit #3 on Wed Sep 17 05:12:37 UTC 2025
Commit #1 on Thu Sep 18 05:12:29 UTC 2025
Commit #2 on Thu Sep 18 05:12:30 UTC 2025
Commit #3 on Thu Sep 18 05:12:31 UTC 2025
Commit #4 on Thu Sep 18 05:12:32 UTC 2025
Commit #1 on Fri Sep 19 05:12:32 UTC 2025
Commit #2 on Fri Sep 19 05:12:33 UTC 2025
Commit #3 on Fri Sep 19 05:12:34 UTC 2025
Commit #4 on Fri Sep 19 05:12:35 UTC 2025
Commit #5 on Fri Sep 19 05:12:36 UTC 2025
Commit #6 on Fri Sep 19 05:12:37 UTC 2025
Commit #7 on Fri Sep 19 05:12:38 UTC 2025
Commit #8 on Fri Sep 19 05:12:39 UTC 2025
Commit #9 on Fri Sep 19 05:12:40 UTC 2025
Commit #10 on Fri Sep 19 05:12:41 UTC 2025
Commit #11 on Fri Sep 19 05:12:42 UTC 2025
Commit #12 on Fri Sep 19 05:12:43 UTC 2025
Commit #1 on Sat Sep 20 05:12:04 UTC 2025
Commit #2 on Sat Sep 20 05:12:05 UTC 2025
Commit #3 on Sat Sep 20 05:12:06 UTC 2025
Commit #4 on Sat Sep 20 05:12:07 UTC 2025
Commit #5 on Sat Sep 20 05:12:08 UTC 2025
Commit #6 on Sat Sep 20 05:12:09 UTC 2025
Commit #7 on Sat Sep 20 05:12:10 UTC 2025
Commit #8 on Sat Sep 20 05:12:11 UTC 2025
Commit #1 on Sun Sep 21 05:12:22 UTC 2025
Commit #2 on Sun Sep 21 05:12:23 UTC 2025
Commit #3 on Sun Sep 21 05:12:24 UTC 2025
Commit #4 on Sun Sep 21 05:12:25 UTC 2025
Commit #5 on Sun Sep 21 05:12:26 UTC 2025
Commit #6 on Sun Sep 21 05:12:27 UTC 2025
Commit #7 on Sun Sep 21 05:12:28 UTC 2025
Commit #8 on Sun Sep 21 05:12:29 UTC 2025
Commit #9 on Sun Sep 21 05:12:30 UTC 2025
Commit #10 on Sun Sep 21 05:12:31 UTC 2025
Commit #11 on Sun Sep 21 05:12:32 UTC 2025
Commit #1 on Mon Sep 22 05:13:34 UTC 2025
Commit #2 on Mon Sep 22 05:13:35 UTC 2025
Commit #3 on Mon Sep 22 05:13:36 UTC 2025
Commit #4 on Mon Sep 22 05:13:37 UTC 2025
Commit #5 on Mon Sep 22 05:13:38 UTC 2025
Commit #6 on Mon Sep 22 05:13:39 UTC 2025
Commit #7 on Mon Sep 22 05:13:40 UTC 2025
Commit #1 on Tue Sep 23 05:12:42 UTC 2025
Commit #2 on Tue Sep 23 05:12:43 UTC 2025
Commit #3 on Tue Sep 23 05:12:44 UTC 2025
Commit #1 on Wed Sep 24 05:12:48 UTC 2025
Commit #2 on Wed Sep 24 05:12:49 UTC 2025
Commit #3 on Wed Sep 24 05:12:50 UTC 2025
Commit #4 on Wed Sep 24 05:12:51 UTC 2025
Commit #5 on Wed Sep 24 05:12:52 UTC 2025
Commit #6 on Wed Sep 24 05:12:53 UTC 2025
Commit #7 on Wed Sep 24 05:12:54 UTC 2025
Commit #8 on Wed Sep 24 05:12:55 UTC 2025
Commit #1 on Thu Sep 25 05:12:59 UTC 2025
Commit #2 on Thu Sep 25 05:13:00 UTC 2025
Commit #3 on Thu Sep 25 05:13:01 UTC 2025
Commit #4 on Thu Sep 25 05:13:02 UTC 2025
Commit #5 on Thu Sep 25 05:13:03 UTC 2025
Commit #6 on Thu Sep 25 05:13:04 UTC 2025
Commit #7 on Thu Sep 25 05:13:05 UTC 2025
Commit #8 on Thu Sep 25 05:13:06 UTC 2025
Commit #9 on Thu Sep 25 05:13:07 UTC 2025
Commit #10 on Thu Sep 25 05:13:08 UTC 2025
Commit #1 on Fri Sep 26 05:12:47 UTC 2025
Commit #2 on Fri Sep 26 05:12:48 UTC 2025
Commit #3 on Fri Sep 26 05:12:49 UTC 2025
Commit #4 on Fri Sep 26 05:12:50 UTC 2025
Commit #5 on Fri Sep 26 05:12:51 UTC 2025
Commit #6 on Fri Sep 26 05:12:52 UTC 2025
Commit #7 on Fri Sep 26 05:12:53 UTC 2025
Commit #8 on Fri Sep 26 05:12:54 UTC 2025
Commit #9 on Fri Sep 26 05:12:55 UTC 2025
Commit #1 on Sat Sep 27 05:12:20 UTC 2025
Commit #2 on Sat Sep 27 05:12:21 UTC 2025
Commit #3 on Sat Sep 27 05:12:22 UTC 2025
Commit #4 on Sat Sep 27 05:12:23 UTC 2025
Commit #5 on Sat Sep 27 05:12:24 UTC 2025
Commit #6 on Sat Sep 27 05:12:25 UTC 2025
Commit #7 on Sat Sep 27 05:12:26 UTC 2025
Commit #8 on Sat Sep 27 05:12:27 UTC 2025
Commit #1 on Sun Sep 28 05:12:08 UTC 2025
Commit #2 on Sun Sep 28 05:12:09 UTC 2025
Commit #3 on Sun Sep 28 05:12:10 UTC 2025
Commit #1 on Mon Sep 29 05:13:52 UTC 2025
Commit #2 on Mon Sep 29 05:13:53 UTC 2025
Commit #3 on Mon Sep 29 05:13:54 UTC 2025
Commit #4 on Mon Sep 29 05:13:55 UTC 2025
Commit #1 on Tue Sep 30 05:13:28 UTC 2025
Commit #2 on Tue Sep 30 05:13:29 UTC 2025
Commit #3 on Tue Sep 30 05:13:30 UTC 2025
Commit #1 on Wed Oct  1 05:13:29 UTC 2025
Commit #2 on Wed Oct  1 05:13:30 UTC 2025
Commit #3 on Wed Oct  1 05:13:31 UTC 2025
Commit #4 on Wed Oct  1 05:13:32 UTC 2025
Commit #5 on Wed Oct  1 05:13:33 UTC 2025
Commit #6 on Wed Oct  1 05:13:34 UTC 2025
Commit #7 on Wed Oct  1 05:13:35 UTC 2025
Commit #8 on Wed Oct  1 05:13:36 UTC 2025
Commit #9 on Wed Oct  1 05:13:37 UTC 2025
Commit #10 on Wed Oct  1 05:13:38 UTC 2025
Commit #11 on Wed Oct  1 05:13:39 UTC 2025
Commit #1 on Thu Oct  2 05:12:28 UTC 2025
Commit #2 on Thu Oct  2 05:12:29 UTC 2025
Commit #3 on Thu Oct  2 05:12:30 UTC 2025
Commit #4 on Thu Oct  2 05:12:31 UTC 2025
Commit #5 on Thu Oct  2 05:12:32 UTC 2025
Commit #6 on Thu Oct  2 05:12:33 UTC 2025
Commit #7 on Thu Oct  2 05:12:34 UTC 2025
Commit #8 on Thu Oct  2 05:12:35 UTC 2025
Commit #9 on Thu Oct  2 05:12:36 UTC 2025
Commit #10 on Thu Oct  2 05:12:37 UTC 2025
Commit #11 on Thu Oct  2 05:12:38 UTC 2025
Commit #12 on Thu Oct  2 05:12:39 UTC 2025
Commit #1 on Fri Oct  3 05:13:08 UTC 2025
Commit #2 on Fri Oct  3 05:13:09 UTC 2025
Commit #3 on Fri Oct  3 05:13:10 UTC 2025
Commit #4 on Fri Oct  3 05:13:12 UTC 2025
Commit #5 on Fri Oct  3 05:13:13 UTC 2025
Commit #6 on Fri Oct  3 05:13:14 UTC 2025
Commit #7 on Fri Oct  3 05:13:15 UTC 2025
Commit #1 on Sat Oct  4 05:11:41 UTC 2025
Commit #2 on Sat Oct  4 05:11:42 UTC 2025
Commit #3 on Sat Oct  4 05:11:43 UTC 2025
Commit #4 on Sat Oct  4 05:11:44 UTC 2025
Commit #1 on Sun Oct  5 05:11:38 UTC 2025
Commit #2 on Sun Oct  5 05:11:39 UTC 2025
Commit #3 on Sun Oct  5 05:11:40 UTC 2025
Commit #4 on Sun Oct  5 05:11:41 UTC 2025
Commit #5 on Sun Oct  5 05:11:42 UTC 2025
Commit #6 on Sun Oct  5 05:11:43 UTC 2025
Commit #7 on Sun Oct  5 05:11:44 UTC 2025
Commit #8 on Sun Oct  5 05:11:45 UTC 2025
Commit #9 on Sun Oct  5 05:11:46 UTC 2025
Commit #1 on Mon Oct  6 05:13:09 UTC 2025
Commit #2 on Mon Oct  6 05:13:10 UTC 2025
Commit #3 on Mon Oct  6 05:13:11 UTC 2025
Commit #4 on Mon Oct  6 05:13:12 UTC 2025
Commit #5 on Mon Oct  6 05:13:13 UTC 2025
Commit #6 on Mon Oct  6 05:13:14 UTC 2025
Commit #7 on Mon Oct  6 05:13:15 UTC 2025
Commit #8 on Mon Oct  6 05:13:16 UTC 2025
Commit #9 on Mon Oct  6 05:13:17 UTC 2025
Commit #10 on Mon Oct  6 05:13:18 UTC 2025
Commit #11 on Mon Oct  6 05:13:19 UTC 2025
Commit #1 on Tue Oct  7 05:12:40 UTC 2025
Commit #2 on Tue Oct  7 05:12:41 UTC 2025
Commit #3 on Tue Oct  7 05:12:43 UTC 2025
Commit #4 on Tue Oct  7 05:12:44 UTC 2025
Commit #1 on Wed Oct  8 05:13:32 UTC 2025
Commit #2 on Wed Oct  8 05:13:33 UTC 2025
Commit #3 on Wed Oct  8 05:13:34 UTC 2025
Commit #4 on Wed Oct  8 05:13:35 UTC 2025
Commit #5 on Wed Oct  8 05:13:36 UTC 2025
Commit #6 on Wed Oct  8 05:13:37 UTC 2025
Commit #7 on Wed Oct  8 05:13:38 UTC 2025
Commit #8 on Wed Oct  8 05:13:39 UTC 2025
Commit #9 on Wed Oct  8 05:13:40 UTC 2025
Commit #1 on Thu Oct  9 05:13:24 UTC 2025
Commit #2 on Thu Oct  9 05:13:25 UTC 2025
Commit #3 on Thu Oct  9 05:13:26 UTC 2025
Commit #4 on Thu Oct  9 05:13:27 UTC 2025
Commit #5 on Thu Oct  9 05:13:28 UTC 2025
Commit #6 on Thu Oct  9 05:13:29 UTC 2025
Commit #7 on Thu Oct  9 05:13:30 UTC 2025
Commit #8 on Thu Oct  9 05:13:31 UTC 2025
Commit #9 on Thu Oct  9 05:13:32 UTC 2025
Commit #1 on Fri Oct 10 05:13:21 UTC 2025
Commit #2 on Fri Oct 10 05:13:22 UTC 2025
Commit #3 on Fri Oct 10 05:13:23 UTC 2025
Commit #4 on Fri Oct 10 05:13:24 UTC 2025
Commit #5 on Fri Oct 10 05:13:25 UTC 2025
Commit #6 on Fri Oct 10 05:13:26 UTC 2025
Commit #7 on Fri Oct 10 05:13:27 UTC 2025
Commit #8 on Fri Oct 10 05:13:28 UTC 2025
Commit #9 on Fri Oct 10 05:13:29 UTC 2025
Commit #10 on Fri Oct 10 05:13:30 UTC 2025
Commit #1 on Sat Oct 11 05:11:51 UTC 2025
Commit #2 on Sat Oct 11 05:11:52 UTC 2025
Commit #3 on Sat Oct 11 05:11:53 UTC 2025
Commit #4 on Sat Oct 11 05:11:54 UTC 2025
Commit #5 on Sat Oct 11 05:11:55 UTC 2025
Commit #6 on Sat Oct 11 05:11:56 UTC 2025
Commit #7 on Sat Oct 11 05:11:57 UTC 2025
Commit #1 on Sun Oct 12 05:11:52 UTC 2025
Commit #2 on Sun Oct 12 05:11:53 UTC 2025
Commit #3 on Sun Oct 12 05:11:54 UTC 2025
Commit #4 on Sun Oct 12 05:11:55 UTC 2025
Commit #5 on Sun Oct 12 05:11:56 UTC 2025
Commit #1 on Mon Oct 13 05:13:47 UTC 2025
Commit #2 on Mon Oct 13 05:13:48 UTC 2025
Commit #3 on Mon Oct 13 05:13:49 UTC 2025
Commit #4 on Mon Oct 13 05:13:50 UTC 2025
Commit #5 on Mon Oct 13 05:13:51 UTC 2025
Commit #6 on Mon Oct 13 05:13:52 UTC 2025
Commit #7 on Mon Oct 13 05:13:53 UTC 2025
Commit #8 on Mon Oct 13 05:13:54 UTC 2025
Commit #9 on Mon Oct 13 05:13:55 UTC 2025
Commit #10 on Mon Oct 13 05:13:56 UTC 2025
Commit #11 on Mon Oct 13 05:13:57 UTC 2025
Commit #12 on Mon Oct 13 05:13:58 UTC 2025
Commit #1 on Tue Oct 14 05:13:02 UTC 2025
Commit #2 on Tue Oct 14 05:13:03 UTC 2025
Commit #3 on Tue Oct 14 05:13:04 UTC 2025
Commit #1 on Wed Oct 15 05:13:21 UTC 2025
Commit #2 on Wed Oct 15 05:13:22 UTC 2025
Commit #3 on Wed Oct 15 05:13:23 UTC 2025
Commit #4 on Wed Oct 15 05:13:24 UTC 2025
Commit #5 on Wed Oct 15 05:13:25 UTC 2025
Commit #6 on Wed Oct 15 05:13:26 UTC 2025
Commit #1 on Thu Oct 16 05:13:23 UTC 2025
Commit #2 on Thu Oct 16 05:13:24 UTC 2025
Commit #3 on Thu Oct 16 05:13:25 UTC 2025
Commit #4 on Thu Oct 16 05:13:26 UTC 2025
Commit #5 on Thu Oct 16 05:13:27 UTC 2025
Commit #1 on Fri Oct 17 05:13:11 UTC 2025
Commit #2 on Fri Oct 17 05:13:12 UTC 2025
Commit #3 on Fri Oct 17 05:13:13 UTC 2025
Commit #4 on Fri Oct 17 05:13:14 UTC 2025
Commit #5 on Fri Oct 17 05:13:15 UTC 2025
Commit #6 on Fri Oct 17 05:13:16 UTC 2025
Commit #1 on Sat Oct 18 05:12:07 UTC 2025
Commit #2 on Sat Oct 18 05:12:08 UTC 2025
Commit #3 on Sat Oct 18 05:12:09 UTC 2025
Commit #4 on Sat Oct 18 05:12:10 UTC 2025
Commit #5 on Sat Oct 18 05:12:11 UTC 2025
Commit #6 on Sat Oct 18 05:12:12 UTC 2025
Commit #7 on Sat Oct 18 05:12:14 UTC 2025
Commit #8 on Sat Oct 18 05:12:15 UTC 2025
Commit #9 on Sat Oct 18 05:12:16 UTC 2025
Commit #10 on Sat Oct 18 05:12:17 UTC 2025
Commit #1 on Sun Oct 19 05:12:41 UTC 2025
Commit #2 on Sun Oct 19 05:12:42 UTC 2025
Commit #3 on Sun Oct 19 05:12:43 UTC 2025
Commit #4 on Sun Oct 19 05:12:44 UTC 2025
Commit #5 on Sun Oct 19 05:12:45 UTC 2025
Commit #6 on Sun Oct 19 05:12:46 UTC 2025
Commit #7 on Sun Oct 19 05:12:47 UTC 2025
Commit #8 on Sun Oct 19 05:12:48 UTC 2025
Commit #9 on Sun Oct 19 05:12:49 UTC 2025
Commit #10 on Sun Oct 19 05:12:50 UTC 2025
Commit #1 on Mon Oct 20 05:14:02 UTC 2025
Commit #2 on Mon Oct 20 05:14:03 UTC 2025
Commit #3 on Mon Oct 20 05:14:04 UTC 2025
Commit #4 on Mon Oct 20 05:14:06 UTC 2025
Commit #1 on Tue Oct 21 05:13:31 UTC 2025
Commit #2 on Tue Oct 21 05:13:32 UTC 2025
Commit #3 on Tue Oct 21 05:13:33 UTC 2025
Commit #1 on Wed Oct 22 05:13:46 UTC 2025
Commit #2 on Wed Oct 22 05:13:47 UTC 2025
Commit #3 on Wed Oct 22 05:13:48 UTC 2025
Commit #4 on Wed Oct 22 05:13:49 UTC 2025
Commit #5 on Wed Oct 22 05:13:50 UTC 2025
Commit #6 on Wed Oct 22 05:13:51 UTC 2025
Commit #7 on Wed Oct 22 05:13:52 UTC 2025
Commit #8 on Wed Oct 22 05:13:53 UTC 2025
Commit #9 on Wed Oct 22 05:13:54 UTC 2025
Commit #1 on Thu Oct 23 05:13:39 UTC 2025
Commit #2 on Thu Oct 23 05:13:40 UTC 2025
Commit #3 on Thu Oct 23 05:13:41 UTC 2025
Commit #4 on Thu Oct 23 05:13:42 UTC 2025
Commit #5 on Thu Oct 23 05:13:43 UTC 2025
Commit #6 on Thu Oct 23 05:13:44 UTC 2025
Commit #7 on Thu Oct 23 05:13:45 UTC 2025
Commit #8 on Thu Oct 23 05:13:46 UTC 2025
Commit #9 on Thu Oct 23 05:13:47 UTC 2025
Commit #10 on Thu Oct 23 05:13:48 UTC 2025
Commit #1 on Fri Oct 24 05:13:20 UTC 2025
Commit #2 on Fri Oct 24 05:13:21 UTC 2025
Commit #3 on Fri Oct 24 05:13:22 UTC 2025
Commit #4 on Fri Oct 24 05:13:23 UTC 2025
Commit #5 on Fri Oct 24 05:13:24 UTC 2025
Commit #6 on Fri Oct 24 05:13:25 UTC 2025
Commit #7 on Fri Oct 24 05:13:26 UTC 2025
Commit #8 on Fri Oct 24 05:13:27 UTC 2025
Commit #9 on Fri Oct 24 05:13:28 UTC 2025
Commit #10 on Fri Oct 24 05:13:29 UTC 2025
Commit #11 on Fri Oct 24 05:13:30 UTC 2025
Commit #1 on Sat Oct 25 05:12:26 UTC 2025
Commit #2 on Sat Oct 25 05:12:27 UTC 2025
Commit #3 on Sat Oct 25 05:12:28 UTC 2025
Commit #4 on Sat Oct 25 05:12:29 UTC 2025
Commit #5 on Sat Oct 25 05:12:30 UTC 2025
Commit #1 on Sun Oct 26 05:12:53 UTC 2025
Commit #2 on Sun Oct 26 05:12:54 UTC 2025
Commit #3 on Sun Oct 26 05:12:55 UTC 2025
Commit #4 on Sun Oct 26 05:12:56 UTC 2025
Commit #5 on Sun Oct 26 05:12:57 UTC 2025
Commit #6 on Sun Oct 26 05:12:58 UTC 2025
Commit #7 on Sun Oct 26 05:12:59 UTC 2025
Commit #8 on Sun Oct 26 05:13:00 UTC 2025
Commit #9 on Sun Oct 26 05:13:01 UTC 2025
Commit #10 on Sun Oct 26 05:13:02 UTC 2025
Commit #11 on Sun Oct 26 05:13:03 UTC 2025
Commit #12 on Sun Oct 26 05:13:04 UTC 2025
Commit #1 on Mon Oct 27 05:14:42 UTC 2025
Commit #2 on Mon Oct 27 05:14:43 UTC 2025
Commit #3 on Mon Oct 27 05:14:44 UTC 2025
Commit #1 on Tue Oct 28 05:14:18 UTC 2025
Commit #2 on Tue Oct 28 05:14:19 UTC 2025
Commit #3 on Tue Oct 28 05:14:20 UTC 2025
Commit #4 on Tue Oct 28 05:14:21 UTC 2025
Commit #5 on Tue Oct 28 05:14:22 UTC 2025
Commit #6 on Tue Oct 28 05:14:23 UTC 2025
Commit #1 on Wed Oct 29 05:14:10 UTC 2025
Commit #2 on Wed Oct 29 05:14:11 UTC 2025
Commit #3 on Wed Oct 29 05:14:12 UTC 2025
Commit #4 on Wed Oct 29 05:14:13 UTC 2025
Commit #1 on Thu Oct 30 05:13:26 UTC 2025
Commit #2 on Thu Oct 30 05:13:27 UTC 2025
Commit #3 on Thu Oct 30 05:13:28 UTC 2025
Commit #4 on Thu Oct 30 05:13:29 UTC 2025
Commit #5 on Thu Oct 30 05:13:30 UTC 2025
Commit #6 on Thu Oct 30 05:13:31 UTC 2025
Commit #7 on Thu Oct 30 05:13:32 UTC 2025
Commit #1 on Fri Oct 31 05:14:16 UTC 2025
Commit #2 on Fri Oct 31 05:14:17 UTC 2025
Commit #3 on Fri Oct 31 05:14:18 UTC 2025
Commit #1 on Sat Nov  1 05:12:49 UTC 2025
Commit #2 on Sat Nov  1 05:12:50 UTC 2025
Commit #3 on Sat Nov  1 05:12:51 UTC 2025
Commit #4 on Sat Nov  1 05:12:52 UTC 2025
Commit #5 on Sat Nov  1 05:12:53 UTC 2025
Commit #6 on Sat Nov  1 05:12:54 UTC 2025
Commit #7 on Sat Nov  1 05:12:55 UTC 2025
Commit #1 on Sun Nov  2 05:13:07 UTC 2025
Commit #2 on Sun Nov  2 05:13:08 UTC 2025
Commit #3 on Sun Nov  2 05:13:09 UTC 2025
Commit #4 on Sun Nov  2 05:13:10 UTC 2025
Commit #5 on Sun Nov  2 05:13:11 UTC 2025
Commit #6 on Sun Nov  2 05:13:12 UTC 2025
Commit #1 on Mon Nov  3 05:14:27 UTC 2025
Commit #2 on Mon Nov  3 05:14:28 UTC 2025
Commit #3 on Mon Nov  3 05:14:29 UTC 2025
Commit #4 on Mon Nov  3 05:14:30 UTC 2025
Commit #5 on Mon Nov  3 05:14:31 UTC 2025
Commit #6 on Mon Nov  3 05:14:32 UTC 2025
Commit #7 on Mon Nov  3 05:14:33 UTC 2025
Commit #8 on Mon Nov  3 05:14:34 UTC 2025
Commit #9 on Mon Nov  3 05:14:35 UTC 2025
Commit #10 on Mon Nov  3 05:14:36 UTC 2025
Commit #11 on Mon Nov  3 05:14:37 UTC 2025
Commit #1 on Tue Nov  4 05:13:53 UTC 2025
Commit #2 on Tue Nov  4 05:13:54 UTC 2025
Commit #3 on Tue Nov  4 05:13:55 UTC 2025
Commit #1 on Wed Nov  5 05:14:08 UTC 2025
Commit #2 on Wed Nov  5 05:14:09 UTC 2025
Commit #3 on Wed Nov  5 05:14:10 UTC 2025
Commit #4 on Wed Nov  5 05:14:11 UTC 2025
Commit #5 on Wed Nov  5 05:14:12 UTC 2025
Commit #6 on Wed Nov  5 05:14:13 UTC 2025
Commit #7 on Wed Nov  5 05:14:14 UTC 2025
Commit #1 on Thu Nov  6 05:14:14 UTC 2025
Commit #2 on Thu Nov  6 05:14:15 UTC 2025
Commit #3 on Thu Nov  6 05:14:16 UTC 2025
Commit #1 on Fri Nov  7 05:13:44 UTC 2025
Commit #2 on Fri Nov  7 05:13:45 UTC 2025
Commit #3 on Fri Nov  7 05:13:46 UTC 2025
Commit #4 on Fri Nov  7 05:13:47 UTC 2025
Commit #5 on Fri Nov  7 05:13:48 UTC 2025
Commit #6 on Fri Nov  7 05:13:49 UTC 2025
Commit #7 on Fri Nov  7 05:13:50 UTC 2025
Commit #8 on Fri Nov  7 05:13:51 UTC 2025
Commit #9 on Fri Nov  7 05:13:52 UTC 2025
Commit #10 on Fri Nov  7 05:13:53 UTC 2025
Commit #11 on Fri Nov  7 05:13:54 UTC 2025
Commit #12 on Fri Nov  7 05:13:55 UTC 2025
Commit #1 on Sat Nov  8 05:12:31 UTC 2025
Commit #2 on Sat Nov  8 05:12:32 UTC 2025
Commit #3 on Sat Nov  8 05:12:33 UTC 2025
Commit #4 on Sat Nov  8 05:12:34 UTC 2025
Commit #5 on Sat Nov  8 05:12:35 UTC 2025
Commit #6 on Sat Nov  8 05:12:36 UTC 2025
Commit #7 on Sat Nov  8 05:12:37 UTC 2025
Commit #8 on Sat Nov  8 05:12:38 UTC 2025
Commit #1 on Sun Nov  9 05:13:00 UTC 2025
Commit #2 on Sun Nov  9 05:13:01 UTC 2025
Commit #3 on Sun Nov  9 05:13:02 UTC 2025
Commit #4 on Sun Nov  9 05:13:03 UTC 2025
Commit #5 on Sun Nov  9 05:13:04 UTC 2025
Commit #6 on Sun Nov  9 05:13:05 UTC 2025
Commit #7 on Sun Nov  9 05:13:06 UTC 2025
Commit #8 on Sun Nov  9 05:13:07 UTC 2025
Commit #9 on Sun Nov  9 05:13:08 UTC 2025
Commit #1 on Mon Nov 10 05:15:05 UTC 2025
Commit #2 on Mon Nov 10 05:15:06 UTC 2025
Commit #3 on Mon Nov 10 05:15:07 UTC 2025
Commit #1 on Tue Nov 11 05:14:25 UTC 2025
Commit #2 on Tue Nov 11 05:14:26 UTC 2025
Commit #3 on Tue Nov 11 05:14:27 UTC 2025
Commit #4 on Tue Nov 11 05:14:28 UTC 2025
Commit #5 on Tue Nov 11 05:14:29 UTC 2025
Commit #6 on Tue Nov 11 05:14:30 UTC 2025
Commit #7 on Tue Nov 11 05:14:31 UTC 2025
Commit #1 on Wed Nov 12 05:14:38 UTC 2025
Commit #2 on Wed Nov 12 05:14:39 UTC 2025
Commit #3 on Wed Nov 12 05:14:40 UTC 2025
Commit #4 on Wed Nov 12 05:14:41 UTC 2025
Commit #5 on Wed Nov 12 05:14:42 UTC 2025
Commit #6 on Wed Nov 12 05:14:43 UTC 2025
Commit #7 on Wed Nov 12 05:14:44 UTC 2025
Commit #8 on Wed Nov 12 05:14:45 UTC 2025
Commit #9 on Wed Nov 12 05:14:46 UTC 2025
Commit #10 on Wed Nov 12 05:14:47 UTC 2025
Commit #11 on Wed Nov 12 05:14:48 UTC 2025
Commit #12 on Wed Nov 12 05:14:49 UTC 2025
Commit #1 on Thu Nov 13 05:14:10 UTC 2025
Commit #2 on Thu Nov 13 05:14:11 UTC 2025
Commit #3 on Thu Nov 13 05:14:12 UTC 2025
Commit #4 on Thu Nov 13 05:14:13 UTC 2025
Commit #5 on Thu Nov 13 05:14:14 UTC 2025
Commit #1 on Fri Nov 14 05:13:47 UTC 2025
Commit #2 on Fri Nov 14 05:13:48 UTC 2025
Commit #3 on Fri Nov 14 05:13:49 UTC 2025
Commit #4 on Fri Nov 14 05:13:50 UTC 2025
Commit #5 on Fri Nov 14 05:13:51 UTC 2025
Commit #6 on Fri Nov 14 05:13:52 UTC 2025
Commit #7 on Fri Nov 14 05:13:53 UTC 2025
Commit #8 on Fri Nov 14 05:13:54 UTC 2025
Commit #9 on Fri Nov 14 05:13:55 UTC 2025
Commit #10 on Fri Nov 14 05:13:56 UTC 2025
Commit #11 on Fri Nov 14 05:13:57 UTC 2025
Commit #12 on Fri Nov 14 05:13:58 UTC 2025
Commit #1 on Sat Nov 15 05:13:12 UTC 2025
Commit #2 on Sat Nov 15 05:13:13 UTC 2025
Commit #3 on Sat Nov 15 05:13:14 UTC 2025
Commit #4 on Sat Nov 15 05:13:15 UTC 2025
Commit #5 on Sat Nov 15 05:13:16 UTC 2025
Commit #6 on Sat Nov 15 05:13:17 UTC 2025
Commit #7 on Sat Nov 15 05:13:18 UTC 2025
Commit #1 on Sun Nov 16 05:13:02 UTC 2025
Commit #2 on Sun Nov 16 05:13:03 UTC 2025
Commit #3 on Sun Nov 16 05:13:04 UTC 2025
Commit #4 on Sun Nov 16 05:13:05 UTC 2025
Commit #5 on Sun Nov 16 05:13:06 UTC 2025
Commit #6 on Sun Nov 16 05:13:07 UTC 2025
Commit #7 on Sun Nov 16 05:13:08 UTC 2025
Commit #8 on Sun Nov 16 05:13:09 UTC 2025
Commit #1 on Mon Nov 17 05:14:39 UTC 2025
Commit #2 on Mon Nov 17 05:14:40 UTC 2025
Commit #3 on Mon Nov 17 05:14:41 UTC 2025
Commit #1 on Tue Nov 18 05:14:04 UTC 2025
Commit #2 on Tue Nov 18 05:14:05 UTC 2025
Commit #3 on Tue Nov 18 05:14:06 UTC 2025
Commit #4 on Tue Nov 18 05:14:07 UTC 2025
Commit #5 on Tue Nov 18 05:14:08 UTC 2025
Commit #6 on Tue Nov 18 05:14:09 UTC 2025
Commit #7 on Tue Nov 18 05:14:10 UTC 2025
Commit #8 on Tue Nov 18 05:14:11 UTC 2025
Commit #9 on Tue Nov 18 05:14:12 UTC 2025
Commit #1 on Wed Nov 19 05:14:34 UTC 2025
Commit #2 on Wed Nov 19 05:14:35 UTC 2025
Commit #3 on Wed Nov 19 05:14:36 UTC 2025
Commit #4 on Wed Nov 19 05:14:37 UTC 2025
Commit #5 on Wed Nov 19 05:14:38 UTC 2025
Commit #1 on Thu Nov 20 05:13:49 UTC 2025
Commit #2 on Thu Nov 20 05:13:50 UTC 2025
Commit #3 on Thu Nov 20 05:13:51 UTC 2025
Commit #4 on Thu Nov 20 05:13:52 UTC 2025
Commit #5 on Thu Nov 20 05:13:53 UTC 2025
Commit #6 on Thu Nov 20 05:13:54 UTC 2025
Commit #7 on Thu Nov 20 05:13:55 UTC 2025
Commit #8 on Thu Nov 20 05:13:56 UTC 2025
Commit #9 on Thu Nov 20 05:13:57 UTC 2025
Commit #10 on Thu Nov 20 05:13:58 UTC 2025
Commit #1 on Fri Nov 21 05:14:24 UTC 2025
Commit #2 on Fri Nov 21 05:14:25 UTC 2025
Commit #3 on Fri Nov 21 05:14:26 UTC 2025
Commit #4 on Fri Nov 21 05:14:27 UTC 2025
Commit #5 on Fri Nov 21 05:14:28 UTC 2025
Commit #6 on Fri Nov 21 05:14:29 UTC 2025
Commit #7 on Fri Nov 21 05:14:30 UTC 2025
Commit #8 on Fri Nov 21 05:14:31 UTC 2025
Commit #1 on Sat Nov 22 05:12:59 UTC 2025
Commit #2 on Sat Nov 22 05:13:00 UTC 2025
Commit #3 on Sat Nov 22 05:13:01 UTC 2025
Commit #4 on Sat Nov 22 05:13:02 UTC 2025
Commit #1 on Sun Nov 23 05:13:10 UTC 2025
Commit #2 on Sun Nov 23 05:13:11 UTC 2025
Commit #3 on Sun Nov 23 05:13:12 UTC 2025
Commit #4 on Sun Nov 23 05:13:13 UTC 2025
Commit #5 on Sun Nov 23 05:13:14 UTC 2025
Commit #6 on Sun Nov 23 05:13:15 UTC 2025
Commit #7 on Sun Nov 23 05:13:16 UTC 2025
Commit #8 on Sun Nov 23 05:13:17 UTC 2025
Commit #1 on Mon Nov 24 05:15:37 UTC 2025
Commit #2 on Mon Nov 24 05:15:38 UTC 2025
Commit #3 on Mon Nov 24 05:15:39 UTC 2025
Commit #4 on Mon Nov 24 05:15:40 UTC 2025
Commit #1 on Tue Nov 25 05:14:32 UTC 2025
Commit #2 on Tue Nov 25 05:14:33 UTC 2025
Commit #3 on Tue Nov 25 05:14:34 UTC 2025
Commit #4 on Tue Nov 25 05:14:35 UTC 2025
Commit #5 on Tue Nov 25 05:14:36 UTC 2025
Commit #1 on Wed Nov 26 05:14:15 UTC 2025
Commit #2 on Wed Nov 26 05:14:16 UTC 2025
Commit #3 on Wed Nov 26 05:14:17 UTC 2025
Commit #4 on Wed Nov 26 05:14:18 UTC 2025
Commit #5 on Wed Nov 26 05:14:19 UTC 2025
Commit #6 on Wed Nov 26 05:14:20 UTC 2025
Commit #7 on Wed Nov 26 05:14:21 UTC 2025
Commit #1 on Thu Nov 27 05:14:52 UTC 2025
Commit #2 on Thu Nov 27 05:14:53 UTC 2025
Commit #3 on Thu Nov 27 05:14:54 UTC 2025
Commit #4 on Thu Nov 27 05:14:55 UTC 2025
Commit #5 on Thu Nov 27 05:14:56 UTC 2025
Commit #6 on Thu Nov 27 05:14:57 UTC 2025
Commit #7 on Thu Nov 27 05:14:58 UTC 2025
Commit #8 on Thu Nov 27 05:14:59 UTC 2025
Commit #9 on Thu Nov 27 05:15:00 UTC 2025
Commit #10 on Thu Nov 27 05:15:01 UTC 2025
Commit #11 on Thu Nov 27 05:15:02 UTC 2025
Commit #12 on Thu Nov 27 05:15:03 UTC 2025
